SET IDENTITY_INSERT Utbildning ON

INSERT INTO Ort
	(Namn)
VALUES
	('Malmö'),
	('Göteborg'),
	('Helsingborg'),
	('Stockholm');

SET IDENTITY_INSERT Utbildning ON
INSERT INTO Utbildning
	(Id,Namn)
VALUES
	(100,'Byggprojektör inom BIM'),
	(101,'CAD-Konstruktör'),
	(102,'Data Scentist'),
	(103,'Javautvecklare');
 SET IDENTITY_INSERT Utbildning OFF

SET IDENTITY_INSERT Anstalld ON	
INSERT INTO Anstalld
	(Id, Fornamn, Efternamn, Adress, PostNr,Ort)
VALUES
--Utbildningsledare
	(600,'Ingrid','Vesterlund','Steningstorp 3', '793 33','Malmö'), 
	(601,'Sören','BurStröm','Vretbacken 3', '905 43','Göteborg'),
	(602,'Edmund','Örn','Tåstorp 3', '437 33','Helsingborg'),
	(603,'Inger','Rosell','Fullsborn 11', '734 22','Stockholm'),
--Lärare
	(604,'Lena','Andersson','Sporrmakarevägen 1', '112 43','Malmö'),
	(605,'Henrik','Öster','Hadarpsvägen 4', '187 34','HelsingBorg'),
	(606,'Else','Hurtig','Öjavägen 1', '242 42','Göteborg'),
	(607,'Orvar','Selander','Ljungå 65', '736 73','HelsingBorg'),
	(608,'Martin','Viden','Karolinelundsvägen 6', '544 98','Göteborg'),
	(609,'Elly','Söder','Södra vägen 3', '332 35','Malmö'),
	(610,'Dennis','Phil','Ingvallavägen 6','441 40','Stockholm'),
	(611,'Pia','Nyman','Västertorpsvägen 16','861 36','Stockholm');
SET IDENTITY_INSERT Anstalld OFF


SET IDENTITY_INSERT Kurs ON	
INSERT INTO Kurs
	(Id,Namn)
VALUES
--Byggprojektör inom BIM 
	(300,'BIM och 3D Modellering'),
	(301,'BIM-teori, byggprocessen och juridik'),
	(302,'Branschanpassad matematik'),
	(303,'Byggteknik och byggfysik'),
	(304,'Byggproduktion'),

--CAD-konstruktör 
	(305,'CAD 1'),
	(306,'CAD 2'),
	(307,'Hållfasthetslära'),
	(308,'Maskinelement'),
	(309,'Mekanik'),
	(310,'Produktionsekonomi'),

-- Data Scientist
	(311,'Avancerad SQL'),
	(312,'Business Analytics'),
	(313,'Visuell Data Analys'),
	(314,'Prediktiv Analys'),

--JavaUtvecklare 
	(315,'Avancerad Java'),
	(316,'Avancerad JavaScript'),
	(317,'HTML och CSS'),
	(318,'Mobilutveckling med Java'),
	(319,'Praktisk databasdesign'),
	(320,'Programmering i Java'),

	(321,'Examensarbete'),
	(322,'LIA 1'),
	(323,'LIA 2');
SET IDENTITY_INSERT Kurs OFF

SET IDENTITY_INSERT Klass ON
INSERT INTO Klass
	(Id,OrtId,UtbildningId,UtbildningledareId,Start,Slut)
VALUES
	(400,2,100,601,'2010-01-01','2020-12-31'),
	(401,2,100,601,'2021-01-01','2021-12-31'),
	(402,3,101,602,'2020-01-01','2020-12-31'),
	(404,4,102,603,'2020-01-01','2020-12-31'),
	(405,4,102,603,'2021-01-01','2021-12-31'),
	(406,1,103,600,'2020-01-01','2020-12-31'),
	(407,1,103,600,'2021-01-01','2021-12-31')
SET IDENTITY_INSERT Klass OFF
	
INSERT INTO UtbildningKurs
	(UtbildningId,KursId)
VALUES
	(100,300),
	(100,301),
	(100,302),
	(100,303),
	(100,304),	
	(100,321),
	(100,322),
	(100,323),
	(101,305),
	(101,306),
	(101,307),
	(101,308),
	(101,309),
	(101,310),
	(101,321),
	(101,322),
	(101,323),
	(102,311),
	(102,312),
	(102,313),
	(102,314),
	(102,321),
	(102,322),
	(102,323),
	(103,315),
	(103,316),
	(103,317),
	(103,318),
	(103,319),
	(103,320),
	(103,321),
	(103,322),
	(103,323)

		
SET IDENTITY_INSERT KlassKurs ON
INSERT INTO KlassKurs
	(Id,KlassId,KursId,LarareId,Start,Slut)
VALUES
	(500,400,300,604,'2020-01-01','2020-01-25'),
	(501,400,301,605,'2020-02-01','2020-02-25'),
	(502,400,302,606,'2020-03-01','2020-03-25'),
	(503,400,303,607,'2020-04-01','2020-04-25'),
	(504,400,304,608,'2020-05-01','2020-05-25'),
	(505,400,321,604,'2020-06-01','2020-06-30'),
	(506,400,322,605,'2020-10-01','2020-10-30'),
	(507,400,323,606,'2020-11-01','2020-11-30'),
	
	(508,401,300,604,'2021-01-01','2021-01-25'),
	(509,401,301,605,'2021-02-01','2021-02-25'),
	(510,401,302,606,'2021-03-01','2021-03-25'),
	(511,401,303,607,'2021-04-01','2021-04-25'),
	(512,401,304,608,'2021-05-01','2021-05-25'),
	(513,401,321,604,'2021-06-01','2021-06-30'),
	(514,401,322,605,'2021-10-01','2021-10-30'),
	(515,401,323,606,'2021-11-01','2021-11-30'),
	
	(516,402,305,608,'2020-01-01','2020-01-25'),
	(517,402,306,607,'2020-02-01','2020-02-25'),
	(518,402,307,606,'2020-03-01','2020-03-25'),
	(519,402,308,605,'2020-04-01','2020-04-25'),
	(520,402,309,604,'2020-05-01','2020-05-25'),
	(521,402,310,608,'2020-05-01','2020-05-25'),
	(522,402,321,607,'2020-06-01','2020-06-30'),
	(523,402,322,606,'2020-10-01','2020-10-30'),
	(524,402,323,605,'2020-11-01','2020-11-30'),
	
	(525,404,311,604,'2020-01-01','2020-01-25'),
	(526,404,312,605,'2020-02-01','2020-02-25'),
	(527,404,313,606,'2020-03-01','2020-03-25'),
	(528,404,314,607,'2020-04-01','2020-04-25'),
	(529,404,321,608,'2020-06-01','2020-06-30'),
	(530,404,322,607,'2020-10-01','2020-10-30'),
	(540,404,323,606,'2020-11-01','2020-11-30'),
	
	(541,405,311,604,'2021-01-01','2021-01-25'),
	(542,405,312,605,'2021-02-01','2021-02-25'),
	(543,405,313,606,'2021-03-01','2021-03-25'),
	(544,405,314,607,'2021-04-01','2021-04-25'),
	(545,405,321,608,'2021-06-01','2021-06-30'),
	(546,405,322,607,'2021-10-01','2021-10-30'),
	(547,405,323,606,'2021-11-01','2021-11-30'),
	
	(548,406,315,608,'2020-01-01','2020-01-25'),
	(549,406,316,607,'2020-02-01','2020-02-25'),
	(550,406,317,606,'2020-03-01','2020-03-25'),
	(551,406,318,605,'2020-04-01','2020-04-25'),
	(552,406,319,604,'2020-04-01','2020-04-25'),
	(553,406,320,608,'2020-04-01','2020-04-25'),
	(554,406,321,607,'2020-06-01','2020-06-30'),
	(555,406,322,606,'2020-10-01','2020-10-30'),
	(556,406,323,605,'2020-11-01','2020-11-30'),
	
	(557,407,315,608,'2021-01-01','2021-01-25'),
	(558,407,316,607,'2021-02-01','2021-02-25'),
	(559,407,317,606,'2021-03-01','2021-03-25'),
	(560,407,318,605,'2021-04-01','2021-04-25'),
	(561,407,319,604,'2021-04-01','2021-04-25'),
	(562,407,320,608,'2021-04-01','2021-04-25'),
	(563,407,321,607,'2021-06-01','2021-06-30'),
	(564,407,322,606,'2021-10-01','2021-10-30'),
	(565,407,323,605,'2021-11-01','2021-11-30'),
	
	(567,407,305,608,'2021-01-01','2021-01-25'),
	(568,407,306,607,'2021-02-01','2021-02-25'),
	(569,407,307,606,'2021-03-01','2021-03-25'),
	(570,407,308,605,'2021-04-01','2021-04-25'),
	(571,407,309,604,'2021-05-01','2021-05-25'),
	(572,407,310,608,'2021-05-01','2021-05-25'),
	(573,407,321,607,'2021-06-01','2021-06-30'),
	(574,407,322,606,'2021-10-01','2021-10-30'),
	(575,407,323,605,'2021-11-01','2021-11-30')
SET IDENTITY_INSERT KlassKurs OFF
	
	

	
SET IDENTITY_INSERT Studerande ON
INSERT INTO Studerande
	(Id,KlassId,Fornamn,Efternamn,Adress,PostNr,Ort)
VALUES
	(700,400,'Paula','Nyman','Västertorpsvägen 3','861 36','TIMRÅ'),
	(701,400,'Katarina','Hellsten','Brunnby 3','291 50','Göteborg'),
	(702,400,'Rikard','Sundquist','Folkeslunda 5','112 47','Göteborg'),
	
	(703,401,'Hans-Åke','Krook','Henriksgatan11','605 95','NORRKÖPING'),
	(704,401,'James','Vedin','Södra sandsjö prästgård 11','696 34','ASKERSUND'),
	(705,401,'Hubert','Ersson','Källsprångsgatan 2','343 93','Helsingborg'),
	
	(706,402,'Anselm','Bäck','Hästkroken 1','123 36','Helsingborg'),
	(707,402,'George','Wickman','Källreda 2','635 36','Arlöv'),
	(708,402,'Ann-Sofie','Backlund','Rossvik 22','846 36','Ramlösa'),
	
	(712,404,'Benjamin','Bäckström','Fjällgatan 4','253 53','Västerås'),
	(713,404,'Helfrid','Svensson','Hammenshög 3','535 36','Stockholm'),
	(714,404,'Saga','Öhmna','Söderlund 2','534 36','Stockholm'),
	
	(715,405,'Frank','Kristensson','Lundavägen 4','534 53','Västerås'),
	(716,405,'Louis','Öster','Kammarvägen 3','645 36','Stockholm'),
	(717,405,'Konrad','Lundstedt','Mörbosväg 2','212 36','Stockholm'),
	
	(718,406,'Charlotte','Sjöqvist','Lundavägen 5','533 53','Malmö'),
	(719,406,'Catarina','Malm','Saltmullen 3','633 36','Malmö'),
	(720,406,'Kristian','Borgström','Kanlagatan 2','635 36','Malmö'),
	
	(721,407,'Ellie','Sjöqvist','Strandvägen 5','214 53','Malmö'),
	(722,407,'Elliot','Lindqvist','Hästkroken 1','214 36','Malmö'),
	(723,407,'Arnold','Wendel','Källreda 1','214 36','Malmö')
SET IDENTITY_INSERT Studerande OFF
	


INSERT INTO Betyg
	(KlassKursId,StuderandeId,Betyg,Datum)
VALUES
	(500,700,'G','2020-02-10'),
	(501,700,'G','2020-03-10'),
	(502,700,'VG','2020-04-10'),
	(503,700,'G','2020-05-10'),
	(504,701,'G','2020-06-10'),
	(505,702,'VG','2020-10-10'),
	(506,701,'G','2020-11-10'),
	(507,702,'G','2020-12-10'),

	(508,703,'G','2021-02-10'),
	(509,704,'VG','2021-03-10'),
	(510,705,'G','2021-04-10'),

	(511,706,'G','2020-02-10'),
	(517,707,'VG','2020-03-10'),
	(518,708,'VG','2020-04-10'),
	(519,706,'VG','2020-05-10'),
	(520,707,'G','2020-06-10'),
	(521,708,'G','2020-06-10'),
	(522,708,'G','2020-10-10'),
	(523,707,'VG','2020-11-10'),
	(524,706,'G','2020-12-10'),
	
	(541,715,'G','2021-02-10'),
	(542,716,'VG','2021-03-10'),
	(543,717,'G','2021-04-10'),

	(549,718,'VG','2020-02-10'),
	(550,719,'VG','2020-04-10'),
	(552,720,'VG','2020-05-10'),
	(553,720,'G','2020-06-10'),
	(554,719,'G','2020-10-10'),
	(555,719,'G','2020-11-10'),

	(556,721,'G','2021-02-10'),
	(557,722,'G','2021-02-10'),
	(558,723,'G','2021-02-10')
	
--INSERT INTO InaktivStuderande

--INSERT INTO InAktivBetyg
